{"cameraMode":{"drawMode":0,"name":"Shaded","section":"Shading Mode"},"sceneLighting":true,"audioPlay":false,"sceneViewState":{"showFog":true,"showMaterialUpdate":true,"showSkybox":true,"showFlares":true,"showImageEffects":true,"showParticleSystems":true},"in2DMode":false,"pivot":{"x":2.7014808654785158,"y":12.390887260437012,"z":-0.12683773040771485},"rotation":{"x":-0.33361589908599856,"y":-0.07963799685239792,"z":0.028293190523982049,"w":-0.9389074444770813},"size":5.157940864562988,"orthographic":false}