{"cameraMode":{"drawMode":0,"name":"Shaded","section":"Shading Mode"},"sceneLighting":false,"audioPlay":false,"sceneViewState":{"showFog":true,"showMaterialUpdate":true,"showSkybox":false,"showFlares":true,"showImageEffects":true,"showParticleSystems":true},"in2DMode":false,"pivot":{"x":6.813879013061523,"y":0.10928916931152344,"z":10.526599884033204},"rotation":{"x":-0.31592094898223879,"y":-0.18401430547237397,"z":0.06259657442569733,"w":-0.9286567568778992},"size":22.62246322631836,"orthographic":false}