{"cameraMode":{"drawMode":0,"name":"Shaded","section":"Shading Mode"},"sceneLighting":false,"audioPlay":false,"sceneViewState":{"showFog":true,"showMaterialUpdate":true,"showSkybox":false,"showFlares":true,"showImageEffects":true,"showParticleSystems":true},"in2DMode":false,"pivot":{"x":-4.0150885581970219,"y":1.3970599174499512,"z":-12.146869659423829},"rotation":{"x":0.2341577112674713,"y":0.021298732608556749,"z":-0.005131277721375227,"w":0.9719536900520325},"size":3.1454105377197267,"orthographic":false}